link,slug
https://opensea.io/collection/proof-moonbirds,proof-moonbirds
https://opensea.io/collection/mutant-ape-yacht-club,mutant-ape-yacht-club
https://opensea.io/collection/boredapeyachtclub,boredapeyachtclub
https://opensea.io/collection/murakami-flowers-seed,murakami-flowers-seed
https://opensea.io/collection/rtfkt-mnlth,rtfkt-mnlth
https://opensea.io/collection/bored-ape-kennel-club,bored-ape-kennel-club
https://opensea.io/collection/veefriends-series-2,veefriends-series-2
https://opensea.io/collection/cryptopunks,cryptopunks
https://opensea.io/collection/beanzofficial,beanzofficial
https://opensea.io/collection/eightbitme,eightbitme
https://opensea.io/collection/clonex,clonex
https://opensea.io/collection/akutar-mint-pass,akutar-mint-pass
https://opensea.io/collection/the-association-nft,the-association-nft
https://opensea.io/collection/akutars,akutars
https://opensea.io/collection/azuki,azuki
https://opensea.io/collection/premint-collector,premint-collector
https://opensea.io/collection/meebits,meebits
https://opensea.io/collection/rtfkt-nike-cryptokicks,rtfkt-nike-cryptokicks
https://opensea.io/collection/rtfktmonolith,rtfktmonolith
https://opensea.io/collection/cryptoadz-by-gremplin,cryptoadz-by-gremplin
https://opensea.io/collection/proof-collective,proof-collective
https://opensea.io/collection/skinvial-evox,skinvial-evox
https://opensea.io/collection/the-anata-nft,the-anata-nft
https://opensea.io/collection/bored-ape-chemistry-club,bored-ape-chemistry-club
https://opensea.io/collection/doodles-official,doodles-official
https://opensea.io/collection/the-art-of-seasons,the-art-of-seasons
https://opensea.io/collection/e-code,e-code
https://opensea.io/collection/tbac,tbac
https://opensea.io/collection/cool-cats-nft,cool-cats-nft
https://opensea.io/collection/toxic-skulls-club,toxic-skulls-club
https://opensea.io/collection/creyzies,creyzies
https://opensea.io/collection/ugly-people-torrealba,ugly-people-torrealba
https://opensea.io/collection/dolce-gabbana-dgfamily-glass,dolce-gabbana-dgfamily-glass
https://opensea.io/collection/adidasoriginals,adidasoriginals
https://opensea.io/collection/10ktf,10ktf
https://opensea.io/collection/nft-worlds,nft-worlds
https://opensea.io/collection/murixhaus,murixhaus
https://opensea.io/collection/your-daytime-fireworks-firework-packets,your-daytime-fireworks-firework-packets
https://opensea.io/collection/coolpetsnft,coolpetsnft
https://opensea.io/collection/world-of-women-nft,world-of-women-nft
https://opensea.io/collection/galverse,galverse
https://opensea.io/collection/arcade-land,arcade-land
https://opensea.io/collection/bff-friendship-bracelets,bff-friendship-bracelets
https://opensea.io/collection/memsworld,memsworld
https://opensea.io/collection/space-boo-official-nft,space-boo-official-nft
https://opensea.io/collection/acrocalypse,acrocalypse
https://opensea.io/collection/metacraft-season-pass-2022,metacraft-season-pass-2022
https://opensea.io/collection/unemployables,unemployables
https://opensea.io/collection/impostors-genesis-aliens,impostors-genesis-aliens
https://opensea.io/collection/elemental-fang-lijun,elemental-fang-lijun
https://opensea.io/collection/coniun-pass,coniun-pass
https://opensea.io/collection/smowl,smowl
https://opensea.io/collection/vaynersports-pass-vsp,vaynersports-pass-vsp
https://opensea.io/collection/turfnft,turfnft
https://opensea.io/collection/sandbox,sandbox
https://opensea.io/collection/deadfellaz,deadfellaz
https://opensea.io/collection/theloomiheads,theloomiheads
https://opensea.io/collection/world-of-women-galaxy,world-of-women-galaxy
https://opensea.io/collection/psychedelics-anonymous-genesis,psychedelics-anonymous-genesis
https://opensea.io/collection/tiny-dinos-eth,tiny-dinos-eth
https://opensea.io/collection/10ktf-stockroom,10ktf-stockroom
https://opensea.io/collection/invisiblefriends,invisiblefriends
https://opensea.io/collection/project-godjira-gen-2,project-godjira-gen-2
https://opensea.io/collection/mfers,mfers
https://opensea.io/collection/3landers,3landers
https://opensea.io/collection/0xogpass,0xogpass
https://opensea.io/collection/whiskersnft,whiskersnft
https://opensea.io/collection/weareclay,weareclay
https://opensea.io/collection/cyber-factory-2,cyber-factory-2
https://opensea.io/collection/art-blocks,art-blocks
https://opensea.io/collection/nff-studio,nff-studio
https://opensea.io/collection/warkittens,warkittens
https://opensea.io/collection/veefriends,veefriends
https://opensea.io/collection/quantum-key,quantum-key
https://opensea.io/collection/los-muertos-world,los-muertos-world
https://opensea.io/collection/apereunion,apereunion
https://opensea.io/collection/thelobstars,thelobstars
https://opensea.io/collection/karafuru,karafuru
https://opensea.io/collection/alienfrensnft,alienfrensnft
https://opensea.io/collection/llamaverse-genesis,llamaverse-genesis
https://opensea.io/collection/cyberbrokers,cyberbrokers
https://opensea.io/collection/official-moar-by-joan-cornella,official-moar-by-joan-cornella
https://opensea.io/collection/kaiju-kingz,kaiju-kingz
https://opensea.io/collection/decentraland,decentraland
https://opensea.io/collection/the-artieverse,the-artieverse
https://opensea.io/collection/phantabear,phantabear
https://opensea.io/collection/bff-you,bff-you
https://opensea.io/collection/shinsekaicorp,shinsekaicorp
https://opensea.io/collection/hausphases,hausphases
https://opensea.io/collection/ethlizards,ethlizards
https://opensea.io/collection/the-picaroons,the-picaroons
https://opensea.io/collection/milady,milady
https://opensea.io/collection/quirkiesoriginals,quirkiesoriginals
https://opensea.io/collection/the-weirdos-battle-royale,the-weirdos-battle-royale
https://opensea.io/collection/hapeprime,hapeprime
https://opensea.io/collection/the-meta-kongz,the-meta-kongz
https://opensea.io/collection/pudgypenguins,pudgypenguins
https://opensea.io/collection/metacard-by-fullsend,metacard-by-fullsend
https://opensea.io/collection/genesis-creepz,genesis-creepz
https://opensea.io/collection/everai-heroes-duo,everai-heroes-duo
